prompt_name,model_name,MAE,MSE,RMSE,R2
zero_shot,gpt-3.5-turbo,102472.48,53579280930.045,231471.9873549389,0.8964206612337426
