DataFrame,Confidence overall mean,Confidence overall Std,Confidence for correct predictions,Confidence Std for correct predictions,Confidence for wrong predictions,Confidence Std for wrong predictions
df_overall,94.21286031042129,5.695137382051767,94.65034965034965,5.117920001374929,93.45454545454545,6.524302173183478
df_positive_pred,96.68831168831169,2.9272652934597274,96.76767676767676,2.972075076743804,96.54545454545455,2.866267296587709
df_negative_pred,95.88495575221239,4.290255179701228,95.8,4.429629964412561,96.05263157894737,4.053342754100504
df_neutral_pred,91.11413043478261,6.692546731505548,92.00892857142857,5.868676256521653,89.72222222222223,7.640186971796322
df_positive,94.89285714285714,5.380081073138744,96.76767676767676,2.972075076743804,90.36585365853658,7.016965503552713
df_negative,94.1025641025641,6.486570497341113,95.8,4.429629964412561,91.07142857142857,8.303372389057285
df_neutral,93.78865979381443,5.381957505250601,92.00892857142857,5.868676256521653,96.21951219512195,3.384877006879466
