DataFrame,Confidence overall mean,Confidence overall Std,Confidence for correct predictions,Confidence Std for correct predictions,Confidence for wrong predictions,Confidence Std for wrong predictions,Sentiment overall mean,Sentiment overall Std,Sentiment for correct predictions,Sentiment Std for correct predictions,Sentiment for wrong predictions,Sentiment Std for wrong predictions
df_overall,94.21286031042129,5.695137382051767,94.65034965034965,5.117920001374929,93.45454545454545,6.524302173183478,8.215077605321508,61.911911212127904,7.70979020979021,62.96545732460128,9.090909090909092,60.22132129738321
df_positive_pred,96.68831168831169,2.9272652934597274,96.76767676767676,2.972075076743804,96.54545454545455,2.866267296587709,81.55844155844156,4.297722474802028,81.71717171717172,4.526656657028506,81.27272727272727,3.875156128059232
df_negative_pred,95.88495575221239,4.290255179701228,95.8,4.429629964412561,96.05263157894737,4.053342754100504,-79.60176991150442,8.4023166692807,-79.53333333333333,9.011004283552316,-79.73684210526316,7.1610214073145375
df_neutral_pred,91.11413043478261,6.692546731505548,92.00892857142857,5.868676256521653,89.72222222222223,7.640186971796322,0.7608695652173914,4.729559563633162,0.7142857142857143,5.487789182888691,0.8333333333333334,3.250135425130796
df_positive,94.89285714285714,5.380081073138744,96.76767676767676,2.972075076743804,90.36585365853658,7.016965503552713,56.357142857142854,41.40014795590484,81.71717171717172,4.526656657028506,-4.878048780487805,21.69354180620493
df_negative,94.1025641025641,6.486570497341113,95.8,4.429629964412561,91.07142857142857,8.303372389057285,-45.17094017094017,50.57399675966287,-79.53333333333333,9.011004283552316,16.19047619047619,32.755739095159356
df_neutral,93.78865979381443,5.381957505250601,92.00892857142857,5.868676256521653,96.21951219512195,3.384877006879466,5.670103092783505,52.44107903101826,0.7142857142857143,5.487789182888691,12.439024390243903,80.19360794098236
